Assembly	Num. Sequences	Size (bp)	N50	N10	N90	Largest sequence	Length Weighted Avg. GC content	Min GC content	Max GC content	Std. dev. GC content	Length Weighted Avg. Coverage	Min Coverage	Max Coverage	Std. dev. Coverage
FL2014_3.filtered.fna	160146	665453303	7936	139421	1457	NODE_1_length_1508013_cov_1.855244	53.48537762085465	24.422442244224424	81.18161925601751	14.101642023907804	0.5068349764898458	0.005637	171.563422	0.6912615891085379
FL2015_30.filtered.fna	246066	649300440	3317	114730	1105	NODE_1_length_1709209_cov_13.768838	51.727528784671705	18.21821821821822	80.66037735849056	13.04780536220665	3.0405829134909714	0.134503	1400.141677	5.77454846235544
FL2015_34.filtered.fna	300151	879272460	3800	110311	1198	NODE_1_length_3090325_cov_5.997231	50.26739606970062	21.34238310708899	80.18936635105608	13.605527758826991	6.111163537244159	0.058361	10489.438766	32.690119573590415
FL2015_37.filtered.fna	61510	108925025	1834	5194	1023	NODE_1_length_37663_cov_303.645751	42.12289967342217	21.847930702598653	68.01470588235294	3.809337479169018	25.597381104389648	0.281481	15293.23	123.61595052651218
FL2015_42.filtered.fna	90509	312008333	5002	15482	1474	NODE_1_length_72737_cov_16.060354	43.44660756224097	18.08219178082192	76.9889840881273	6.873520566382529	24.816123084448765	0.093366	1408.958694	28.14649425712697
FL2015_44.filtered.fna	288	376303	1172	3168	937	NODE_1_length_9268_cov_623.526993	45.26272711086544	31.595092024539877	74.54710144927536	6.204015784849616	138.84560001407908	0.153	1122.29106	181.27524552717296
FL2015_4.filtered.fna	47195	79580828	1705	4659	1010	NODE_1_length_35302_cov_80.527995	42.54280817485337	27.084499160604366	69.44764096662831	3.739116820923266	32.453785008888254	0.910539	25416.753374	154.91261594393336
FL2015_8.filtered.fna	222020	476135128	2363	11775	1084	NODE_1_length_405402_cov_2.873171	43.44953288134622	19.257086999022484	80.46103183315039	10.927601641256382	1.6448908655377406	0.153094	1788.368113	9.452985089358336
